﻿"RelativePath","SizeBytes","LastWriteTime","SHA256"
".env.local","1347","2025-09-16T13:12:02.8248607Z","FCD8E96630A6EB712C4E1FA928FCF5FA7A32BDDCF864B57F7E6835E304096E1D"
".env.local.bak","991","2025-08-31T16:11:59.1793994Z","84A0B519C8D06A33D9DEDDE94E8A1D0B4FCF3EA32E7578B2E048050569E7527F"
".env.production","1299","2025-09-16T13:12:14.2127292Z","FA500BCCD7CFF141F649CDE764E793D8DB55324E99C203E7EAD5B8B4B6E97536"
".eslintrc.cjs","215","2025-09-15T19:20:31.7249882Z","7E0CE304933AA11791F85A230A12714BFF500AC9111B8B152AD12249E1E724E9"
".gitignore","75","2025-09-03T04:35:22.8080595Z","D6D4649418698F0BB1477FE79115F45F1A80B84A4860EDD5AEC2BD1341D68CED"
".hintrc","91","2025-09-08T10:40:48.7569421Z","4295F908F0DE768376658BE74C788179B41AA27CCA150AA65EC6FAAE64383463"
".vscode\settings.json","160","2025-08-31T03:15:26.1399646Z","02F0AF7FF8B8042BD2B9F26163A80196BFEE04241BCA4365AA4FEB2C0CCAE26A"
".vscode\tailwind-v4.json","266","2025-08-31T03:14:12.3268909Z","165734AC2D9E548B5AE03A8F556CFCE19155EAB5FE408C7E3FE2E972DA73DBE7"
"eslint.config.mjs","524","2025-08-30T16:31:35.7622128Z","780EF586C168B5849BF2BECDA678D266A86899A9E6D18D8197F6A643589ECAC9"
"middleware.ts","1363","2025-09-08T10:37:34.6697719Z","14029C4D8EE9A5A61BBD97CC4CD3D6666A949E2DC52B01F4952ED020A0BA0117"
"next.config.ts","1786","2025-09-18T01:12:52.3851035Z","4B39DC707A6D0D09FB1C495D92201ECD01F2057873FFC1364B6A17A7E1E46FFE"
"next-env.d.ts","262","2025-08-30T16:31:35.8075993Z","85AE5AEE75F011967CF2D25CBC342F62D69314E9D925F7F4AA3456FC2CFFCCA6"
"package.json","1171","2025-09-03T13:23:17.7826753Z","08A4CC6C89CCD94D95F862C2BB2C3CE098C0819420E956AFD02D297285A5CDFA"
"pnpm-lock.yaml","133123","2025-09-11T16:59:34.3716335Z","76EADA40BD74D1CC1AD92221A118D7BC8C74DC3A38B442F8DCC29E550AAF82A4"
"postcss.config.mjs","203","2025-09-08T10:23:05.6331216Z","576E0863C9CA799296241050A2B8952E489AC657C17FD669D7E98B4BE0CD91BD"
"public\file.svg","391","2025-08-30T16:31:35.7779827Z","2B67812C325C199A02536CDBEEA0C593A72F707D323B72EE3E08DBAB06753BD4"
"public\gallery\gallery01.png","1764453","2025-08-30T17:10:55.1382715Z","983BD025E8A971D5055E0DAC5A38224454C0BCD67A0156AFC8F1F1B88CD414BC"
"public\gallery\gallery02.png","1596068","2025-08-30T17:14:57.1845674Z","DA227FD61448934E4CBF66CCA6F11EBF200ED17798074826A4EA45CCFCDC9982"
"public\gallery\gallery03.png","1727879","2025-08-30T17:17:49.1420848Z","933EC4CFA22F3C07E835C199F1BCB3D3DE4624F294C143327DA122F6DC23B33A"
"public\gallery\gallery05.png","1693073","2025-08-30T17:31:04.5758535Z","7C1E7F29E209ED0637E262AD3289F24EF0C010F83A939BA35EF1AFA6E59C476D"
"public\gallery\gallery06.png","1836105","2025-08-30T17:33:16.0675958Z","A5EBE4AE3435EC1286F56D409C60CF2019A8997B286EFEF46663926BED784403"
"public\gallery\gallery07.png","3181716","2025-08-30T17:35:50.5460904Z","7695C696348506647C105E961642E00A5E236D235E0A5939BF456ABAA5EBFCE3"
"public\gallery\gallery08.png","2351532","2025-08-30T17:38:43.2502420Z","EF4412D47E76DA4A4913DFB78B2D2513A624CB9ECA32B12BF908FF3B576802C6"
"public\gallery\gallery09.png","2259353","2025-08-30T17:41:21.9617141Z","BF2FEBC86EB9695F2820FBF27664B3B991D179E410AE1A071EDA2F5B76BB2EAD"
"public\gallery\gallery10.png","1601111","2025-08-30T17:43:10.5805054Z","20C6134574FC083E9705D35B0098ED35FAE22411064CD1E307ECD71C8D76EE2D"
"public\gallery\gallery11.png","1523513","2025-08-30T17:47:47.5707867Z","C3B375B681030BE598A0E44960D74AB94A3B1025854535546092B8386B051F4D"
"public\gallery\gallery12.png","2156058","2025-08-30T17:45:45.4797716Z","E2E57D0A8619B73B17906040738317F800286FFFD963512179A0EB5AC4A4071F"
"public\gallery\gallery13.png","1745826","2025-08-30T17:49:53.4831534Z","7C0C9FD699B6223556E5E4507C78E515B783353D18D39AB11BE799E16387D66B"
"public\gallery\gallery14.png","1422982","2025-08-30T17:51:57.9935878Z","BCB4BDAF17AC3644B254E9EC95A08B3BE53288D52EF6034F35E433A561182680"
"public\gallery\gallery15.png","2302253","2025-08-30T17:54:46.7359993Z","94325FA4978E9003BBA8565739218CC41DC1E1938C433F7DDB955D71EE6DE822"
"public\gallery\gallery16.png","2288429","2025-08-30T17:57:35.7207145Z","A1C83B1541E4C1DE05A7C93BD10743B00C0FCD53F365E77F4C099EF3FD23EAFD"
"public\gallery\gallery17.png","2241658","2025-08-30T18:01:21.2057939Z","6C434BBE2C59D16428A4389CD891E459A1655F02E3B161367C8907BE94B32094"
"public\gallery\README.txt","486","2025-09-08T23:57:08.0000000Z","8EF1DD0F175ABFB235AD8FFA5F87EB9CB9CDA1DBB2C791EF25BEA813665E01BC"
"public\gallery\route.ts","785","2025-09-08T17:11:23.4889467Z","92E1419476909ABBEEF4BADB383D9DC40663937103C9CD4CF20F3A00704A5676"
"public\globe.svg","1035","2025-08-30T16:31:35.7852213Z","B614B9BF183925957661AC851498FE1D8029FD43A62FBFED86F9E2624A57E7CF"
"public\images\hero-soft.svg","963","2025-09-17T14:36:34.1492579Z","C4B748CA3A03348D8D92F9063D9939D398BD6C1BD5B8B4B0995F4B4ED103DB4B"
"public\images\placeholder.svg","2222","2025-09-17T20:43:39.2435936Z","310AC7E92235E23386DCBBC5D2C62865DD9D36EBBFCD1D847F2BDE2EB81FD8E4"
"public\kits\resilient-placeholder.svg","732","2025-09-18T00:46:42.5011410Z","A7904D9DFDB1A4DDB2510EF4E0A79C775AC7BFEA3520E0D8F46C458D5AE17118"
"public\manifest.json","195","2025-09-15T19:20:53.1670317Z","3614323DC9CCC02B23EED8B991B1129BE9414D5A96396A867EEEB113FFE8973D"
"public\next.svg","1375","2025-08-30T16:31:35.7915046Z","55995DFAD6ECB4945A1E856DDCA03C5E16AA5BF13FD21B4DF6A74AE79357BCFC"
"public\vercel.svg","128","2025-08-30T16:31:35.7972011Z","F081337B2FEE635B455B63275406A3E7F39D6A014E25AD90DAB5A67E62A12AC4"
"public\window.svg","385","2025-08-30T16:31:35.8002088Z","644768C4AAEB4767BCE293344EEB0C125FB804A94D801440424072202D85E3A1"
"README.md","6905","2025-09-09T11:58:51.7749004Z","5BA3E3919490BA988FC569FE5884DDFC1582A74B3F2491171757CD731D41F4E8"
"scripts\find-bad-json.mjs","838","2025-09-15T20:01:15.8495303Z","45A538518B7AF46A7AC88774BAE3EF1AA9270533ACEDCFE8930EE2270EB9143C"
"scripts\find-json-parsers.mjs","680","2025-09-15T20:01:15.8505671Z","86ED7EF3E85BDD9D0339CB9C61F1FF9B80879727F2D722374A3E6FC6C5DEAAEB"
"src\app\.well-known\security.txt\route.ts","492","2025-09-08T10:46:18.7144647Z","0B7B2F23A8596A353DD06F116D71E04BA8356FD9C2E834A9AD764EF0A12BED5A"
"src\app\about\page.tsx","1863","2025-09-01T14:19:54.1255575Z","B6DD4F9904EA0E03336A053F3514F127D5EA9D5A4189C55ED2F08EFB9C6160D8"
"src\app\admin\inbox\layout.tsx","378","2025-09-15T21:36:56.3232902Z","060E223D6311BDD42B5626FAE2221DD3FCF02030B8E56526B380D7BD2A92EB9C"
"src\app\admin\inbox\page.tsx","1622","2025-08-31T02:13:31.0016855Z","8CC07EB01C5490F04F25B5681C094ACC1E7AC3704B0DFADBDF94A393C304909E"
"src\app\admin\kits\[slug]\KitComposer.tsx","10581","2025-08-31T08:03:28.0725905Z","39C3CABFBF7A4AB047B9AC44A3F724EC52B3E2ACDFCA9DB5C39F54C66A85DF56"
"src\app\admin\kits\page.tsx","1845","2025-09-02T15:36:19.4108537Z","4B6262F32BE85A0032A11EE716963F657E37BF9F87B2683C1164E453CBF31FD6"
"src\app\admin\myshop\page.tsx","7693","2025-08-31T02:16:04.3512075Z","4D1F85349164ED0D2EF0C2C38E195997848A19DE49E9E3E999A9CBE018403B3A"
"src\app\admin\outbound\page.tsx","10531","2025-09-01T19:33:14.4909858Z","4A55F8F9EA9CBA06C0C97822AFAE06EE729C8B32D7799A831C2C33AAD5D2D1B4"
"src\app\admin\page.tsx","700","2025-09-16T06:46:46.3233699Z","CDA44BF2D0DC16D5339BE3D4280E4A377241D288EE1482D4F665983F0298A5F2"
"src\app\admin\seed\page.tsx","3250","2025-09-08T09:22:52.4561937Z","774092914F35456A446DFE3FF5C4AB3DAFDC6E38C51787661C4E32A024305765"
"src\app\api\admin\kits\[id]\items\[product_id]\route.ts","4224","2025-09-09T11:50:22.6702270Z","B9173A8550C5C9EB7CEA56EF1EDEB35611AC4B13BF95BCCA85EA7479BFB3BC33"
"src\app\api\admin\kits\[id]\items\route.ts","3830","2025-09-09T11:49:57.9524389Z","29BB59DC998ACB69FB5CAC0D6B53EBFCFF5AD027EF4C97FAA639218D7152F557"
"src\app\api\admin\kits\[id]\route.ts","7905","2025-09-15T19:11:17.0076707Z","D5ABF37F42A2D1AC5840742FAAAA29422402E8F729862F8DE1901297B34A6A1B"
"src\app\api\admin\kits\pages.tsx","6734","2025-08-31T01:14:50.2300304Z","B644AD0E586DDEE1FE8E5E3C6CB80A9C04650C0A86014CCFC1F9ABAF6A8F1FFE"
"src\app\api\admin\kits\route.ts","3218","2025-08-31T08:11:52.1153443Z","E6FC5BF38CDCE5BE2F12EBC52B61868AA298F49AE25CE9CDDEF929E27AD29366"
"src\app\api\admin\myshop\page.tsx","3715","2025-08-30T23:55:46.6714099Z","557DECC8B18F94217B7D9E05EE84A29F78A911B577D8712759A69695A194C024"
"src\app\api\admin\myshop\verify\route.ts","5290","2025-08-31T02:46:15.5586611Z","E8C175E0503316B6C953509F6BB56132CDA8A834F1F87A3CA6A1FF77AD273341"
"src\app\api\admin\outbound\csv\route.ts","2486","2025-08-31T01:43:41.8076964Z","73BD40CF982D12944C873B95B3EED2FD2E4A970D0FF9F5DA1F21D222F1DCDC09"
"src\app\api\admin\outbound\route.ts","3576","2025-08-31T01:43:16.2987329Z","A40F22A42A3D1C9A8D6594B921CFE49977321D31DD600A724A092EE012D56871"
"src\app\api\admin\products\route.ts","558","2025-08-31T08:08:07.5294326Z","294CFC76E27479794BBCABEC2AD4BB2A92A2237F5D5E91DA5BF8B16B4F72C718"
"src\app\api\admin\seed\route.ts","5412","2025-09-08T09:19:14.1124161Z","41E9C3DD389C0E35936D9BF0B1B956464FE58880F96B1095CB4C4204D69763B3"
"src\app\api\checkout\donate\route.ts","2346","2025-09-11T21:20:50.5196176Z","690054F8FB89203E105D5A5E78DC23E1AB4A6A2B127235682E730DF191858F35"
"src\app\api\contact\route.ts","2007","2025-08-30T23:03:13.4438742Z","AC12B1943624A59D0114669AB3C9C333F54D50BF69408F34F0EE949742B635E1"
"src\app\api\donate\route.ts","1638","2025-09-11T21:49:49.8675774Z","CFAA992DB64590E6A2474588D0C27F2ABD3FF8AA9E2FE81EB474E0019C447298"
"src\app\api\health\route.ts","2927","2025-09-08T21:54:46.0010642Z","4EC4E5A9181A68DB35C10C0774B6C468CF857587ABB1E854E5D979B9EB1BC3FB"
"src\app\api\linecheck\route.ts","6833","2025-08-31T02:51:40.0298241Z","A3679710379C652A5E6F5C417DE9B7A93DAA0F946DCE4693A59B228D434A9C27"
"src\app\api\track\route.ts","182","2025-09-01T13:20:25.2900137Z","13AC7713FD9FCEFC3D5856647F2B7E3F12DAA97CCB02FAD9940A6AF8924B9864"
"src\app\api\track-outbound\route.ts","3052","2025-08-31T02:54:12.1809787Z","5D4C1DB1B1FE3BF0F5A71CBEDBE744B015F6081391D0BB09E4B1D264B9842692"
"src\app\api\version\route.ts","689","2025-09-12T18:39:54.0670942Z","2A1CDCD8BB298072551AFFFFAC91EA704AA84C421F48682B9A2D20A9D0666D0B"
"src\app\api\waitlist\route.ts","1265","2025-09-12T17:37:09.5248402Z","9CE87F6606E8F3367BFCDA9178597FA27B01BE86E8BBB090A3B2913B92326A77"
"src\app\checkout\donate\page.tsx","3761","2025-09-09T15:20:54.1250981Z","8A92808DE29CF54EFEBED46FC9E5606C937A4E1E6E0723F41B1D0345D643F999"
"src\app\checkout\homefront.tsx","2668","2025-08-30T19:24:19.4889276Z","BA62945C09B441F6BE10F39EFE154B58E321E23E6830379873268CC7BBD2E9D6"
"src\app\checkout\resilient.tsx","2210","2025-08-30T19:26:01.0852578Z","124F0AF113731DCE7F0C10EB419DB6CE6A3651B95F1C0CF0D263E418EB88C6A9"
"src\app\contact\page.tsx","3571","2025-09-15T19:57:54.4071222Z","D71551E164C60689D502387EAF558786C5AF049CA898FAC6FECCB859A50BD3D2"
"src\app\donate\cancel\page.tsx","368","2025-09-11T17:01:58.3623384Z","B79E1F451BA35D91643CCB5325B58F4A245E5C7E72DA8F60BE31D877C092E2EE"
"src\app\donate\loading.tsx","347","2025-09-08T10:15:12.4696220Z","A2E9F6C9E80637A2293EF5258FA1B36446C734997B0579E90ECCFC4C25889A47"
"src\app\donate\page.tsx","6169","2025-09-11T21:49:56.2466024Z","B2D42706E504CBFF53E27127A4D22A80EBF6A8F00625E656396653D9A961E5E0"
"src\app\donate\success\page.tsx","280","2025-09-11T21:49:25.7136730Z","84FC7372252140634DB4C4C0AA001AA17BAF6CEC9A39C443BB76CA20D47513C6"
"src\app\error.tsx","907","2025-09-16T05:47:02.4649794Z","F8A4B8C37441B2F9C1DA7CA44BB090C8CC6EAED097A424A88771504BC0CBABF0"
"src\app\faq\page.tsx","2987","2025-09-12T08:09:58.1921150Z","C902D4AEFCAD0D1C5F84671AB25E3EBA5F92DE4C6949A05843EF03011CBA818C"
"src\app\favicon.ico","25931","2025-08-30T16:31:35.6824837Z","2B8AD2D33455A8F736FC3A8EBF8F0BDEA8848AD4C0DB48A2833BD0F9CD775932"
"src\app\gallery\page.tsx","3604","2025-09-08T15:23:35.6685863Z","9109BE768A9F119E26135542449E531D9F00BDB04B33FE2AAF634196F205B5DB"
"src\app\gear\[slug]\page.tsx","2093","2025-09-16T05:33:59.5521691Z","67DE41505132EB40A0A7F6AB36E732688A950C31B3EE46AF0FAA8D0B0FAB1C2C"
"src\app\globals.css","8623","2025-09-17T18:34:47.3338467Z","BDC5F11911E8F377C820F09F88735DA8297EE940092BF25FC39C86B62492193A"
"src\app\kits\[slug]\items\page.tsx","2195","2025-09-17T17:59:18.9998776Z","8DCC23A25A4AB584FE6092C501B3F8DE86C006DC8540318B9FA4F9DB0A7922A8"
"src\app\kits\[slug]\loading.tsx","621","2025-09-08T10:14:33.7472335Z","6C12F65BCD652978D7B9C0543C67BD8F8BCAD516DE9628EC70F6B6E39CA5B9C0"
"src\app\kits\[slug]\not-found.tsx","830","2025-09-12T18:32:25.7935518Z","25118B7C7363792BB704203493E5C0D0F851080CCE761C4CFF1E756EC7FBD4C9"
"src\app\kits\[slug]\page.tsx","3410","2025-09-17T17:58:31.9446304Z","8BD98436E5EB4FE47BD8C1CBA29FD9BA67A235EBB63709FB951520CBAB9B1FDE"
"src\app\kits\homefront\page.tsx","4687","2025-09-02T11:46:21.4759691Z","378A03DE3DCB5DA459AA06915D8D2745564F276AC0E6BA057BF9AE0EF187E2A3"
"src\app\kits\loading.tsx","621","2025-09-08T10:13:50.6279431Z","6C12F65BCD652978D7B9C0543C67BD8F8BCAD516DE9628EC70F6B6E39CA5B9C0"
"src\app\kits\page.tsx","1694","2025-09-17T17:14:08.5606273Z","EF16AFA530B612C44BA60AC6E5BF28B17962CE4E2C63B21161BFE268EBEBD062"
"src\app\kits\resilient\page.tsx","4687","2025-09-02T11:46:32.6842070Z","89C3E90A74A473BD6F89D3ADA3B061D50D2B57EAA2E40522C4C6264EA3AAB2A6"
"src\app\layout.tsx","4958","2025-09-17T14:31:14.7455163Z","5BDFA4D5DD6DCC0FBCD62C192864572C77B0C7AD953F2FF11EC2928217D7BC44"
"src\app\loading.tsx","540","2025-09-02T09:53:36.4450042Z","0714C9176FA2CA82A602924465AABD19644F1283F6AD412EDD538178045616A1"
"src\app\not-found.tsx","763","2025-09-12T07:57:33.6415544Z","13C89DACE0F293154DC00944C4D22371836A99D03A3573D04ADB36E3BB400E1A"
"src\app\opengraph-image.tsx","1180","2025-09-17T15:08:58.9873654Z","254A2CF4BA8EEBF04B4887A2C8F19D33A43463360986D82FE2BBF1401522B516"
"src\app\page.tsx","6950","2025-09-18T01:01:10.6858522Z","3117D0507E7D7F86CBF7708B37E30CADCCC37E97F4DE072537A91F32F0591792"
"src\app\privacy\page.tsx","3902","2025-09-13T05:38:18.9042850Z","164CCD9F8503E9171E0A53ED69088FE769C6BB38DFF1E7D79A068EA9D245DB61"
"src\app\r\[slug]\route.ts","7687","2025-09-15T20:51:49.4943013Z","1E4F6192D3D40AD5A361A63C04769C45A7654DE635848F624EA124B7DEE17C58"
"src\app\robots.ts","523","2025-09-08T19:10:57.8629242Z","47DD53D4DFA5D70F8636EB64D35D31AC3E2E687035BE8AB4F7523B7C18AB96C7"
"src\app\shop\page.tsx","7017","2025-09-16T06:55:09.9393801Z","F14C2A80E2DE05BEEAB85E0920FF0543915D2892905C5848112D4317C5C62D6C"
"src\app\sitemap.ts","1503","2025-09-08T15:18:18.6206798Z","34D37DB431F38868E885D0D65FA0CEF279352AD1E3FDD2CACA4D2375C2703A63"
"src\app\terms\page.tsx","5498","2025-09-12T19:10:00.1716592Z","387A56950A045DAE1FE7898A2A8C25D3B694EA3406A1373D91C7D5770EDE74F3"
"src\appZ.zip","102676","2025-09-18T01:27:10.2960257Z","1F35E1A158A28DC92F498AC8A5AC1ABA6A2BFE2BD1DEF7C67AE8A6973BA4725E"
"src\components\admin\EnvRibbon.tsx","1195","2025-09-16T05:24:04.4089363Z","365C3D737391702B15FA45E6D7CDDD4C9B92F0BAB269512057E5B8F75D42DFB2"
"src\components\BuyButtons.tsx","4960","2025-09-16T06:23:33.7199754Z","1C34FE3704984AB432FE239B189664C3925D1C0D5D0CD80FF220B64D4302CFF1"
"src\components\BuyLink.tsx","360","2025-09-01T20:08:59.4719357Z","6B01E625E020C0BFD3E9A6C490F1A583B0FDCD7E54558AED0FB2A282423018DC"
"src\components\CopySkus.tsx","1560","2025-09-09T15:08:32.4852270Z","CE94DB868AC98F7B670B73C51EB39DC08AD99852C062B33266167E7A68B8890E"
"src\components\CrisisCTA.tsx","1289","2025-09-02T11:25:16.3985443Z","62610DB9D27DA6CCC3E759ADC82A3DD40C2F80B106D5B8D586CE70A9FAA82979"
"src\components\CrisisRibbon.tsx","1104","2025-09-16T21:34:42.9784932Z","78838CF377668BB170E9793483A395456E213C365A305072F1DAB1A330EFBDF1"
"src\components\DonateButton.tsx","1258","2025-09-03T13:15:24.9385307Z","B89E5C5DED85265C97929D1E256816E56B24754580C94E34E03F916B537A80A7"
"src\components\Gallery.tsx","1709","2025-09-02T10:31:24.3376143Z","55E90C0FF71011619BCC7CE5B20FB733DB09A395E218E53A91FE85ED546E0760"
"src\components\HelpStripMobile.tsx","1540","2025-09-17T17:58:09.6206651Z","C515041393F4874B2960B8820F9DDC71DE0956F1082C8A19ADF80A48A973A00A"
"src\components\HomeHero.tsx","3008","2025-08-31T07:34:05.0640364Z","DAD76791E47BC0D217DF97E015A3B9FEE92D1E6BCCB9DD5D1659571599CDF0C0"
"src\components\ImpactStats.tsx","1897","2025-09-17T14:12:09.4219749Z","3009BCBE6553777349B99CE6764C013B901BC6F3F6F8B616BD71D43845747163"
"src\components\ItemRow.tsx","1927","2025-09-16T06:30:30.7808868Z","DC7395CA21263C63BE4EEDF430A94675972FC5B140824546AB9008C0B74B84E9"
"src\components\KitCard.tsx","2921","2025-09-17T15:09:18.8827315Z","332F1DE3A6EDA70382F1F6AA9E4124E6E09E88A262E4C0E987F88DE617CCE21C"
"src\components\KitHeader.tsx","1552","2025-09-14T12:26:25.7284506Z","767A6562E6E19CD7BF168EAC51E6F85C88FBFD17773259124D9B9DC6273AC1B5"
"src\components\KitItemsList.tsx","1682","2025-09-15T21:43:31.6061873Z","F1A10F19B81763CDEE5BA3482D9446B559B207FD13FEC5C2F5C572EC349F4BF8"
"src\components\KitsCTA.tsx","1103","2025-09-09T15:08:43.6542892Z","214F11762395C0B609BDAAD61B270A197D891BA8F2548EFE9C75667FA0635CF6"
"src\components\NeedHelpRibbon.tsx","669","2025-09-01T19:10:39.6000113Z","358654FB5627732E21F98BB01D2B9BF5F5FA0D6A405607091AD60D575EA92091"
"src\components\QuickDonate.tsx","503","2025-09-17T14:35:48.3329964Z","04624A4C7D42F3DF951CA1D1D95D83C1938E07F86DBA53CF9EEFC60724BB8608"
"src\components\SiteFooter.tsx","511","2025-09-01T19:10:39.5980169Z","308D77E3D24C0517EB9BE01203B23BDBF9C3A42876DDC898D111B9E35C09C8D7"
"src\components\SiteHeader.tsx","1188","2025-09-01T19:44:18.2876684Z","DA3281021ED37725676E8917E17C3035FCA8C318E76359C83B628634F6E5BA23"
"src\components\SpecGrid.tsx","479","2025-09-01T14:19:54.1191722Z","A7BE8348C18677A27C3055F44D67CA7265A9F2231BBA84E54E08DD34FB7CB86B"
"src\components\supabase-admin.ts","516","2025-09-12T13:01:23.6733992Z","FFBC5CCC6AE426FB06F2C04A5EE33FDF9770DC69754907BAE4399B5CCBD9CD68"
"src\components\track-link.tsx","2153","2025-08-31T03:17:27.5879015Z","F0F26D879EC6CFB6D640B3D6F5FC10F180D54B4C18CA555FDE0552CB98833D01"
"src\components\ui\button.tsx","1608","2025-08-31T02:56:16.8237371Z","BEEAB6CA0169A5CE8DC4AFA254E96CBF38141735D76148457DF36A425E1465A6"
"src\components\ui\card.tsx","518","2025-08-30T20:26:59.8773735Z","71E1880710B42EC856528EE49F94A040997E09997D318358298B89927722AF35"
"src\components\ui\Primitives.tsx","454","2025-08-31T04:33:45.8979340Z","EC2DB2FF2547A693CCE88A60C09384C1894EC3DE6E7A0672ED6937D4E4A6FFB5"
"src\components\VeteranAwareness.tsx","2265","2025-08-31T06:41:19.6326963Z","9498D8B7F0883B9B042E4A32CEE0B934DF13FB52BB091E0B3A2740292D6E2EE6"
"src\components\WaitlistForm.tsx","1774","2025-09-12T13:00:39.6196704Z","73BBF575A46BF3BF4C08CEE148A4350E2637A5877968C853F39CD554C443DC2F"
"src\components\WhoWeHelp.tsx","1319","2025-09-17T14:52:43.7242317Z","08F51E37141985AEF0501ED2D412BECEFD3869DAECCBE562D504DF40FA880EFA"
"src\componentsZ.zip","24152","2025-09-18T01:27:24.6160161Z","55D0730D6813432002E3B37D4146155E9083E0B8113E31A47AB57990F605CCD0"
"src\lib\admin\authits","736","2025-09-08T09:18:22.6977193Z","EC787D2E4F356C57635C9577F2B7DD43A531F55D8FFF6A894D32F4DE37FB3B3A"
"src\lib\amway.ts","3627","2025-09-12T13:51:40.7710986Z","679046148C2D03EE32FA735223741072711B74ED6388667033DFC528AB006910"
"src\lib\amway_product_urls.ts","2189","2025-09-08T19:03:14.9186643Z","AC3FFB9815BF750FE394CEFB3FE06E5629213DDFA68F875BC789799C659A0658"
"src\lib\amway-products.ts","11494","2025-09-08T20:43:55.7734182Z","F0878A4605E4F77825446625E8F5A7B1A4FD027714B341F70EEDC3E34BD15017"
"src\lib\catalog.ts","10336","2025-09-15T17:33:10.3511930Z","36EC130433E3232EF999E6DC5BF22F19673751098EA4C68304B2E497964CF9C7"
"src\lib\db\schemas.ts","599","2025-08-31T13:45:04.3902904Z","614ED41C31F309C095D4EB51D8586DB335E4CDBDFA48ADB4D536FE87CB6FCA4D"
"src\lib\env.ts","4301","2025-09-15T21:16:17.1502930Z","70B000666F7153F4DE63F648EDFB732D84DEFE3F8BDDD2912799B3A5D42236F1"
"src\lib\kits.ts","4264","2025-09-15T17:23:51.7061560Z","BDF95568C1EC50927F35AE3AC1F652E71B4CDC94E9E8540BCA2286663D45C3B4"
"src\lib\kits-helpers.ts","3054","2025-09-16T06:17:41.9496656Z","14BFDC330F0413641C1B4C24AECDE88F38B7ABCB8891BD7B23E7F75821A25640"
"src\lib\recommendations.ts","363","2025-09-08T21:00:18.8686627Z","35AD806AB2DD879A873115ADA4C3B0C442C9F7867168CEE7CFCADF21FA14EE35"
"src\lib\server\supabase.ts","489","2025-08-31T08:10:01.5043238Z","CE55648E132CBCF2391866E1B29FC8B1562ACD756FD5B9B391089A43AB2DE810"
"src\lib\skumap.ts","2358","2025-08-31T17:44:20.6183134Z","1AA55D3B919C33F35BD90FB54C009559398188A55E980105CD245EF3CD58AB19"
"src\lib\ssr-supabase.ts","348","2025-08-31T13:45:04.3890158Z","535AF7319784F7F12EA1CF51349938B56E83485E4A6A77DF4A6CC8675106BA81"
"src\lib\stripe.ts","263","2025-09-11T21:21:03.7611459Z","0D5244437BABD6584E6E81439DE8A2AD2977A4D84E2F5ED51BE9E6A8275D1CF8"
"src\lib\supabaseAdmin.ts","749","2025-09-09T11:49:36.3832004Z","63E858EE6D6C0ADFAF4D971C50923688FAA675D6714DDB82D94E09A79FD2C4BC"
"src\lib\supabase-admin.ts","424","2025-09-12T09:41:22.3540370Z","61A1983760DBCB114E980283D29476ED5CC4601911670F90DF01381CF2D7917F"
"src\lib\supabasePublic.ts","218","2025-08-30T21:03:09.1506717Z","894A8FDA2F89B325C950AA4BAA28A807FDDA55D16A63F28D99F5B029C2629B4E"
"src\lib\track.ts","327","2025-09-01T19:44:18.2886792Z","BCAA0BF4AB3392B095D8C2EF982F2A620DD2CDF4CA1DBEEB61608EACE8F3C93A"
"src\lib\tryJson.ts","172","2025-09-15T19:19:58.9071271Z","4832AD9E245EB0C5BAA307684C8D164A228798AAB98DF44FA8C2B612C6A6B381"
"src\lib\tsp-products.ts","930","2025-09-12T10:38:11.7854845Z","EFEA1EF34CE844E780EF913257AB825FD2566FA54BDCC00CE602F1DD0B3B756A"
"src\lib\types.ts","363","2025-08-30T20:32:57.5732873Z","9566FA3754D79188BD05E86397CCEBCFC010C13C2DFDACD22EDC5FB4B8572B22"
"src\lib\utils.ts","274","2025-08-31T03:18:07.4992072Z","399ABB4255FB8CE64295574CA2491EBAE04B2D3D16C122638F2944DC720900E5"
"src\libZ.zip","20764","2025-09-18T01:27:42.3680630Z","76C9D56989472F6F203676124F5EE1211FC4C4E517386E3CC7A7D8C9939D1908"
"tailwind.config.js","1746","2025-08-31T05:25:08.6322736Z","9198CB34D5E1CE87AFE7F154C785D9915CA93EDD265F76772A4B9D7004B49AB9"
"tsconfig.json","751","2025-09-16T13:15:39.2930452Z","CAE2D03E1D4E365D9440EBA8ABE8F748BCB0A938FE739B67F20A2F09C9528F62"
"tsconfig.tsbuildinfo","1034392","2025-09-16T19:37:41.8458929Z","F9EF09ECEC1BABCE7C283900817686634EA41073446AEE98408407C74F4EE20D"
